{
    "root_group": {
        "checks": {},
        "name": "",
        "path": "",
        "id": "d41d8cd98f00b204e9800998ecf8427e",
        "groups": {}
    },
    "metrics": {
        "http_req_blocked": {
            "min": 0.003717,
            "med": 0.004419,
            "max": 4.722347,
            "p(90)": 0.005366,
            "p(95)": 0.009390250000000001,
            "avg": 0.0062559492829053955
        },
        "http_req_receiving": {
            "p(95)": 0.04907375,
            "avg": 0.04173277247667537,
            "min": 0.016694,
            "med": 0.028479,
            "max": 85.549219,
            "p(90)": 0.0407165
        },
        "http_req_failed": {
            "passes": 0,
            "fails": 51876,
            "value": 0
        },
        "http_req_connecting": {
            "avg": 0.0010151650474207726,
            "min": 0,
            "med": 0,
            "max": 4.670515,
            "p(90)": 0,
            "p(95)": 0
        },
        "http_req_tls_handshaking": {
            "avg": 0,
            "min": 0,
            "med": 0,
            "max": 0,
            "p(90)": 0,
            "p(95)": 0
        },
        "http_req_duration": {
            "max": 165.749441,
            "p(90)": 5.6990355,
            "p(95)": 8.830777249999999,
            "avg": 3.772111806056782,
            "min": 0.396242,
            "med": 3.3270619999999997
        },
        "vus_max": {
            "value": 20,
            "min": 20,
            "max": 20
        },
        "iterations": {
            "count": 51875,
            "rate": 5101.6653994839535
        },
        "data_received": {
            "count": 26373239,
            "rate": 2593685.607298714
        },
        "vus": {
            "value": 20,
            "min": 20,
            "max": 20
        },
        "http_reqs": {
            "count": 51876,
            "rate": 5101.763744841052
        },
        "http_req_waiting": {
            "avg": 3.708811472415002,
            "min": 0.357146,
            "med": 3.277396,
            "max": 80.170987,
            "p(90)": 5.6204275,
            "p(95)": 8.648176750000001
        },
        "data_sent": {
            "count": 9130077,
            "rate": 897900.6829016724
        },
        "http_req_sending": {
            "p(95)": 0.02620925,
            "avg": 0.021567561165086048,
            "min": 0.008986,
            "med": 0.01026,
            "max": 9.693562,
            "p(90)": 0.0238315
        },
        "iteration_duration": {
            "p(90)": 5.7688228,
            "p(95)": 8.907922399999997,
            "avg": 3.8406904318650894,
            "min": 0.480646,
            "med": 3.394875,
            "max": 27.025126
        },
        "http_req_duration{expected_response:true}": {
            "avg": 3.772111806056782,
            "min": 0.396242,
            "med": 3.3270619999999997,
            "max": 165.749441,
            "p(90)": 5.6990355,
            "p(95)": 8.830777249999999
        }
    }
}