{
    "metrics": {
        "data_received": {
            "count": 38755584,
            "rate": 1930698.3482656141
        },
        "http_req_duration{expected_response:true}": {
            "p(95)": 18.219760199999982,
            "avg": 8.94054925310623,
            "min": 1.171057,
            "med": 8.37795,
            "max": 67.648959,
            "p(90)": 14.0443046
        },
        "iteration_duration": {
            "avg": 9.021363205866342,
            "min": 1.233255,
            "med": 8.448707500000001,
            "max": 45.97288,
            "p(90)": 14.120382,
            "p(95)": 18.347655699999976
        },
        "http_req_blocked": {
            "avg": 0.014189937369540113,
            "min": 0.003782,
            "med": 0.004404,
            "max": 25.845478,
            "p(90)": 0.005408,
            "p(95)": 0.009661399999999966
        },
        "vus_max": {
            "value": 50,
            "min": 50,
            "max": 50
        },
        "vus": {
            "value": 50,
            "min": 50,
            "max": 50
        },
        "http_req_receiving": {
            "min": 0.018062,
            "med": 0.02872,
            "max": 46.983416,
            "p(90)": 0.041873600000000004,
            "p(95)": 0.050277,
            "avg": 0.05401420790674596
        },
        "http_req_duration": {
            "med": 8.37795,
            "max": 67.648959,
            "p(90)": 14.0443046,
            "p(95)": 18.219760199999982,
            "avg": 8.94054925310623,
            "min": 1.171057
        },
        "http_req_connecting": {
            "avg": 0.005679295576740614,
            "min": 0,
            "med": 0,
            "max": 17.488193,
            "p(90)": 0,
            "p(95)": 0
        },
        "http_req_waiting": {
            "p(90)": 13.957412600000003,
            "p(95)": 17.936029199999975,
            "avg": 8.86190200485249,
            "min": 1.12686,
            "med": 8.307121,
            "max": 45.865945
        },
        "http_req_tls_handshaking": {
            "avg": 0,
            "min": 0,
            "med": 0,
            "max": 0,
            "p(90)": 0,
            "p(95)": 0
        },
        "iterations": {
            "count": 110664,
            "rate": 5512.98109744562
        },
        "http_reqs": {
            "count": 110665,
            "rate": 5513.030914740291
        },
        "http_req_sending": {
            "med": 0.01019,
            "max": 19.044262,
            "p(90)": 0.021634200000000013,
            "p(95)": 0.027343199999999953,
            "avg": 0.024633040346992884,
            "min": 0.008847
        },
        "http_req_failed": {
            "passes": 0,
            "fails": 110665,
            "value": 0
        },
        "data_sent": {
            "count": 23571546,
            "rate": 1174270.6529275095
        }
    },
    "root_group": {
        "name": "",
        "path": "",
        "id": "d41d8cd98f00b204e9800998ecf8427e",
        "groups": {},
        "checks": {}
    }
}