{
    "root_group": {
        "name": "",
        "path": "",
        "id": "d41d8cd98f00b204e9800998ecf8427e",
        "groups": {},
        "checks": {}
    },
    "metrics": {
        "vus_max": {
            "min": 50,
            "max": 50,
            "value": 50
        },
        "http_reqs": {
            "count": 109664,
            "rate": 5453.595089251979
        },
        "http_req_connecting": {
            "min": 0,
            "med": 0,
            "max": 4.294047,
            "p(90)": 0,
            "p(95)": 0,
            "avg": 0.0013029770115990662
        },
        "http_req_waiting": {
            "p(90)": 14.2119985,
            "p(95)": 18.994535149999983,
            "avg": 8.947551320861976,
            "min": 1.159503,
            "med": 8.188341999999999,
            "max": 109.891404
        },
        "http_req_sending": {
            "avg": 0.024459172399328804,
            "min": 0.008948,
            "med": 0.010189,
            "max": 19.977055,
            "p(90)": 0.020236199999999982,
            "p(95)": 0.026975349999999905
        },
        "http_req_receiving": {
            "avg": 0.05521072926393451,
            "min": 0.017177,
            "med": 0.029346,
            "max": 70.336614,
            "p(90)": 0.0422177,
            "p(95)": 0.05025884999999999
        },
        "http_req_failed": {
            "passes": 0,
            "fails": 109664,
            "value": 0
        },
        "data_received": {
            "count": 41390709,
            "rate": 2058361.6076657579
        },
        "http_req_blocked": {
            "p(90)": 0.005341,
            "p(95)": 0.009043499999999913,
            "avg": 0.009086140419827323,
            "min": 0.003744,
            "med": 0.004345,
            "max": 15.330098
        },
        "iteration_duration": {
            "min": 1.274425,
            "med": 8.330021,
            "max": 110.007629,
            "p(90)": 14.403943,
            "p(95)": 19.37671289999999,
            "avg": 9.10248435672923
        },
        "vus": {
            "min": 50,
            "max": 50,
            "value": 50
        },
        "http_req_tls_handshaking": {
            "avg": 0,
            "min": 0,
            "med": 0,
            "max": 0,
            "p(90)": 0,
            "p(95)": 0
        },
        "iterations": {
            "count": 109663,
            "rate": 5453.545359212137
        },
        "http_req_duration": {
            "max": 109.942259,
            "p(90)": 14.3141483,
            "p(95)": 19.25662794999999,
            "avg": 9.027221222525164,
            "min": 1.197597,
            "med": 8.255825999999999
        },
        "http_req_duration{expected_response:true}": {
            "avg": 9.027221222525164,
            "min": 1.197597,
            "med": 8.255825999999999,
            "max": 109.942259,
            "p(90)": 14.3141483,
            "p(95)": 19.25662794999999
        },
        "data_sent": {
            "rate": 1161610.830736727,
            "count": 23358333
        }
    }
}