{
    "metrics": {
        "http_req_tls_handshaking": {
            "med": 0,
            "max": 0,
            "p(90)": 0,
            "p(95)": 0,
            "avg": 0,
            "min": 0
        },
        "http_req_waiting": {
            "p(95)": 8.591085449999996,
            "avg": 3.73592583627886,
            "min": 0.396952,
            "med": 3.278309,
            "max": 46.679073,
            "p(90)": 5.6390706
        },
        "data_received": {
            "rate": 2861429.602539964,
            "count": 29037459
        },
        "http_req_blocked": {
            "avg": 0.006240306331326489,
            "min": 0.003748,
            "med": 0.004382499999999999,
            "max": 4.756436,
            "p(90)": 0.005371,
            "p(95)": 0.009694149999999943
        },
        "http_req_failed": {
            "passes": 0,
            "fails": 51490,
            "value": 0
        },
        "http_reqs": {
            "count": 51490,
            "rate": 5073.963607999679
        },
        "http_req_sending": {
            "avg": 0.02226017865604994,
            "min": 0.00887,
            "med": 0.0103,
            "max": 13.125756,
            "p(90)": 0.023993299999999995,
            "p(95)": 0.026246399999999965
        },
        "iterations": {
            "count": 51489,
            "rate": 5073.86506529997
        },
        "http_req_duration": {
            "avg": 3.7998675984074857,
            "min": 0.436291,
            "med": 3.3256935,
            "max": 145.551203,
            "p(90)": 5.7197422,
            "p(95)": 8.810419299999987
        },
        "vus_max": {
            "max": 20,
            "value": 20,
            "min": 20
        },
        "iteration_duration": {
            "med": 3.396852,
            "max": 34.162234,
            "p(90)": 5.793446400000006,
            "p(95)": 8.900033799999997,
            "avg": 3.869713933247886,
            "min": 0.514789
        },
        "data_sent": {
            "count": 9062141,
            "rate": 893007.8392806724
        },
        "http_req_connecting": {
            "max": 4.682431,
            "p(90)": 0,
            "p(95)": 0,
            "avg": 0.000998794659157118,
            "min": 0,
            "med": 0
        },
        "http_req_receiving": {
            "avg": 0.041681583472518866,
            "min": 0.016498,
            "med": 0.0280905,
            "max": 98.843398,
            "p(90)": 0.040149199999999996,
            "p(95)": 0.04885594999999988
        },
        "vus": {
            "value": 20,
            "min": 20,
            "max": 20
        },
        "http_req_duration{expected_response:true}": {
            "avg": 3.7998675984074857,
            "min": 0.436291,
            "med": 3.3256935,
            "max": 145.551203,
            "p(90)": 5.7197422,
            "p(95)": 8.810419299999987
        }
    },
    "root_group": {
        "id": "d41d8cd98f00b204e9800998ecf8427e",
        "groups": {},
        "checks": {},
        "name": "",
        "path": ""
    }
}