{
    "root_group": {
        "name": "",
        "path": "",
        "id": "d41d8cd98f00b204e9800998ecf8427e",
        "groups": {},
        "checks": {}
    },
    "metrics": {
        "http_req_tls_handshaking": {
            "avg": 0,
            "min": 0,
            "med": 0,
            "max": 0,
            "p(90)": 0,
            "p(95)": 0
        },
        "http_req_connecting": {
            "avg": 0.0020304680460042682,
            "min": 0,
            "med": 0,
            "max": 8.92675,
            "p(90)": 0,
            "p(95)": 0
        },
        "http_req_receiving": {
            "p(95)": 0.048543749999999976,
            "avg": 0.042078599201643974,
            "min": 0.018062,
            "med": 0.027624,
            "max": 151.212905,
            "p(90)": 0.039206700000000004
        },
        "http_reqs": {
            "count": 50604,
            "rate": 4952.130781301319
        },
        "http_req_failed": {
            "passes": 0,
            "fails": 50604,
            "value": 0
        },
        "http_req_duration{expected_response:true}": {
            "med": 3.280292,
            "max": 207.85527,
            "p(90)": 5.8355247000000015,
            "p(95)": 9.622467850000001,
            "avg": 3.8706355961781567,
            "min": 0.418136
        },
        "vus": {
            "value": 20,
            "min": 20,
            "max": 20
        },
        "http_req_sending": {
            "avg": 0.023103393466919395,
            "min": 0.008624,
            "med": 0.010164,
            "max": 9.706557,
            "p(90)": 0.02346640000000001,
            "p(95)": 0.026111549999999994
        },
        "iterations": {
            "count": 50603,
            "rate": 4952.032920840065
        },
        "vus_max": {
            "value": 20,
            "min": 20,
            "max": 20
        },
        "http_req_duration": {
            "avg": 3.8706355961781567,
            "min": 0.418136,
            "med": 3.280292,
            "max": 207.85527,
            "p(90)": 5.8355247000000015,
            "p(95)": 9.622467850000001
        },
        "data_sent": {
            "count": 8906205,
            "rate": 871565.329323368
        },
        "http_req_blocked": {
            "min": 0.003681,
            "med": 0.004344,
            "max": 9.186723,
            "p(90)": 0.005381,
            "p(95)": 0.010493699999999996,
            "avg": 0.007314020433167448
        },
        "http_req_waiting": {
            "avg": 3.8054536035095503,
            "min": 0.37795,
            "med": 3.2304234999999997,
            "max": 56.614462,
            "p(90)": 5.714788200000001,
            "p(95)": 9.402867399999966
        },
        "data_received": {
            "count": 31503335,
            "rate": 3082930.894141712
        },
        "iteration_duration": {
            "p(90)": 5.912097200000001,
            "p(95)": 9.707103299999996,
            "avg": 3.940319694444974,
            "min": 0.473176,
            "med": 3.351044,
            "max": 33.20368
        }
    }
}