{
    "root_group": {
        "name": "",
        "path": "",
        "id": "d41d8cd98f00b204e9800998ecf8427e",
        "groups": {},
        "checks": {}
    },
    "metrics": {
        "http_req_blocked": {
            "p(90)": 0.005488,
            "p(95)": 0.010160699999999996,
            "avg": 0.009043776625588563,
            "min": 0.00362,
            "med": 0.004424,
            "max": 13.131709
        },
        "http_req_connecting": {
            "p(90)": 0,
            "p(95)": 0,
            "avg": 0.0013161054746451619,
            "min": 0,
            "med": 0,
            "max": 4.707485
        },
        "http_req_sending": {
            "med": 0.010388,
            "max": 20.560585,
            "p(90)": 0.022083800000000018,
            "p(95)": 0.027886699999999997,
            "avg": 0.02488164268982587,
            "min": 0.008862
        },
        "data_sent": {
            "count": 23005392,
            "rate": 1141753.6572574906
        },
        "iterations": {
            "count": 108006,
            "rate": 5360.319246277243
        },
        "http_req_duration{expected_response:true}": {
            "med": 8.590867,
            "max": 144.898728,
            "p(90)": 14.52711840000001,
            "p(95)": 18.706687399999993,
            "avg": 9.166315104428545,
            "min": 1.177434
        },
        "http_req_receiving": {
            "avg": 0.05701390723749485,
            "min": 0.017782,
            "med": 0.02968,
            "max": 88.151445,
            "p(90)": 0.042706,
            "p(95)": 0.05151659999999998
        },
        "http_req_waiting": {
            "min": 1.1302,
            "med": 8.518202,
            "max": 56.717969,
            "p(90)": 14.426007000000002,
            "p(95)": 18.461403199999996,
            "avg": 9.08441955450112
        },
        "http_req_failed": {
            "passes": 0,
            "fails": 108007,
            "value": 0
        },
        "iteration_duration": {
            "avg": 9.242587703331285,
            "min": 1.254425,
            "med": 8.6638275,
            "max": 36.783891,
            "p(90)": 14.598878,
            "p(95)": 18.82536175
        },
        "vus": {
            "value": 50,
            "min": 50,
            "max": 50
        },
        "vus_max": {
            "min": 50,
            "max": 50,
            "value": 50
        },
        "data_received": {
            "count": 43858318,
            "rate": 2176680.7962960172
        },
        "http_req_tls_handshaking": {
            "p(90)": 0,
            "p(95)": 0,
            "avg": 0,
            "min": 0,
            "med": 0,
            "max": 0
        },
        "http_reqs": {
            "count": 108007,
            "rate": 5360.368876105645
        },
        "http_req_duration": {
            "avg": 9.166315104428545,
            "min": 1.177434,
            "med": 8.590867,
            "max": 144.898728,
            "p(90)": 14.52711840000001,
            "p(95)": 18.706687399999993
        }
    }
}