{
    "metrics": {
        "vus": {
            "min": 50,
            "max": 50,
            "value": 50
        },
        "http_req_failed": {
            "passes": 0,
            "fails": 96563,
            "value": 0
        },
        "http_req_connecting": {
            "p(90)": 0,
            "p(95)": 0,
            "avg": 0.0015147990741795514,
            "min": 0,
            "med": 0,
            "max": 4.769035
        },
        "data_received": {
            "count": 45405621,
            "rate": 2243017.077718226
        },
        "http_reqs": {
            "count": 96563,
            "rate": 4770.168391171327
        },
        "iteration_duration": {
            "avg": 10.342035603953946,
            "min": 1.25049,
            "med": 9.3837235,
            "max": 76.204094,
            "p(90)": 17.55443650000001,
            "p(95)": 22.84774275
        },
        "vus_max": {
            "max": 50,
            "value": 50,
            "min": 50
        },
        "http_req_duration{expected_response:true}": {
            "med": 9.305545,
            "max": 227.75729,
            "p(90)": 17.4620684,
            "p(95)": 22.743019899999993,
            "avg": 10.264185463541947,
            "min": 1.193229
        },
        "iterations": {
            "count": 96562,
            "rate": 4770.118991625009
        },
        "http_req_duration": {
            "p(90)": 17.4620684,
            "p(95)": 22.743019899999993,
            "avg": 10.264185463541947,
            "min": 1.193229,
            "med": 9.305545,
            "max": 227.75729
        },
        "http_req_sending": {
            "min": 0.008906,
            "med": 0.010253,
            "max": 23.262516,
            "p(90)": 0.022508800000000002,
            "p(95)": 0.029517,
            "avg": 0.028041979319201216
        },
        "http_req_blocked": {
            "med": 0.004381,
            "max": 12.619751,
            "p(90)": 0.005618,
            "p(95)": 0.013095699999999983,
            "avg": 0.009646831250064354,
            "min": 0.003776
        },
        "data_sent": {
            "count": 20567820,
            "rate": 1016040.9767644071
        },
        "http_req_waiting": {
            "p(95)": 22.508668799999995,
            "avg": 10.146422641933256,
            "min": 1.138771,
            "med": 9.20674,
            "max": 86.385243,
            "p(90)": 17.253042000000004
        },
        "http_req_tls_handshaking": {
            "max": 0,
            "p(90)": 0,
            "p(95)": 0,
            "avg": 0,
            "min": 0,
            "med": 0
        },
        "http_req_receiving": {
            "min": 0.018776,
            "med": 0.029943,
            "max": 141.332638,
            "p(90)": 0.047821,
            "p(95)": 0.0622002999999999,
            "avg": 0.08972084228948958
        }
    },
    "root_group": {
        "name": "",
        "path": "",
        "id": "d41d8cd98f00b204e9800998ecf8427e",
        "groups": {},
        "checks": {}
    }
}