{
    "root_group": {
        "path": "",
        "id": "d41d8cd98f00b204e9800998ecf8427e",
        "groups": {},
        "checks": {},
        "name": ""
    },
    "metrics": {
        "iteration_duration": {
            "avg": 5.499969687832641,
            "min": 0.983959,
            "med": 4.663774,
            "max": 50.801952,
            "p(90)": 11.513332400000001,
            "p(95)": 13.076286599999998
        },
        "http_req_tls_handshaking": {
            "p(95)": 0,
            "avg": 0,
            "min": 0,
            "med": 0,
            "max": 0,
            "p(90)": 0
        },
        "http_req_receiving": {
            "avg": 0.04274718370554207,
            "min": 0.019249,
            "med": 0.029559,
            "max": 12.980423,
            "p(90)": 0.053403200000000005,
            "p(95)": 0.060698
        },
        "http_reqs": {
            "count": 36270,
            "rate": 3618.175033379488
        },
        "http_req_duration{expected_response:true}": {
            "avg": 5.418763106368904,
            "min": 0.926432,
            "med": 4.586916499999999,
            "max": 50.703024,
            "p(90)": 11.428433100000005,
            "p(95)": 12.982816849999992
        },
        "http_req_connecting": {
            "p(95)": 0,
            "avg": 0.0027154370002757102,
            "min": 0,
            "med": 0,
            "max": 21.528349,
            "p(90)": 0
        },
        "http_req_waiting": {
            "avg": 5.354417601792081,
            "min": 0.886077,
            "med": 4.519360000000001,
            "max": 50.655341,
            "p(90)": 11.343023000000002,
            "p(95)": 12.90676645
        },
        "vus_max": {
            "value": 20,
            "min": 20,
            "max": 20
        },
        "http_req_failed": {
            "passes": 0,
            "fails": 36270,
            "value": 0
        },
        "http_req_blocked": {
            "med": 0.004426,
            "max": 21.590533,
            "p(90)": 0.005442,
            "p(95)": 0.009581399999999966,
            "avg": 0.008427995312930894,
            "min": 0.003747
        },
        "vus": {
            "max": 20,
            "value": 20,
            "min": 20
        },
        "iterations": {
            "count": 36269,
            "rate": 3618.075276692601
        },
        "data_received": {
            "count": 12969452,
            "rate": 1293789.5622556843
        },
        "http_req_duration": {
            "min": 0.926432,
            "med": 4.586916499999999,
            "max": 50.703024,
            "p(90)": 11.428433100000005,
            "p(95)": 12.982816849999992,
            "avg": 5.418763106368904
        },
        "http_req_sending": {
            "avg": 0.021598320871243637,
            "min": 0.008964,
            "med": 0.010652,
            "max": 6.905166,
            "p(90)": 0.02525790000000002,
            "p(95)": 0.03731709999999999
        },
        "data_sent": {
            "count": 6419691,
            "rate": 640407.1049961676
        }
    }
}