{
    "root_group": {
        "id": "d41d8cd98f00b204e9800998ecf8427e",
        "groups": {},
        "checks": {},
        "name": "",
        "path": ""
    },
    "metrics": {
        "http_reqs": {
            "count": 96095,
            "rate": 4757.202273486447
        },
        "http_req_blocked": {
            "p(90)": 0.005604,
            "p(95)": 0.012982600000000006,
            "avg": 0.009761900962588674,
            "min": 0.003792,
            "med": 0.004403,
            "max": 13.529534
        },
        "http_req_waiting": {
            "med": 9.318466,
            "max": 73.17585,
            "p(90)": 17.401060000000008,
            "p(95)": 22.4019908,
            "avg": 10.197492354451287,
            "min": 1.123179
        },
        "iterations": {
            "count": 96094,
            "rate": 4757.1527682856195
        },
        "http_req_duration": {
            "avg": 10.31223288051405,
            "min": 1.164933,
            "med": 9.422518,
            "max": 189.06105,
            "p(90)": 17.621180400000007,
            "p(95)": 22.665166900000003
        },
        "data_sent": {
            "count": 20468136,
            "rate": 1013279.1832377313
        },
        "vus": {
            "value": 50,
            "min": 50,
            "max": 50
        },
        "vus_max": {
            "value": 50,
            "min": 50,
            "max": 50
        },
        "http_req_connecting": {
            "p(90)": 0,
            "p(95)": 0,
            "avg": 0.0015800779957333884,
            "min": 0,
            "med": 0,
            "max": 5.267247
        },
        "http_req_receiving": {
            "max": 115.853549,
            "p(90)": 0.047660200000000014,
            "p(95)": 0.062088400000000085,
            "avg": 0.08778257886466491,
            "min": 0.01946,
            "med": 0.029702
        },
        "iteration_duration": {
            "avg": 10.390929410514707,
            "min": 1.224551,
            "med": 9.5003605,
            "max": 57.012992,
            "p(90)": 17.703253199999995,
            "p(95)": 22.752341749999996
        },
        "http_req_sending": {
            "p(95)": 0.0301053,
            "avg": 0.026957947198085436,
            "min": 0.008848,
            "med": 0.0102,
            "max": 20.40784,
            "p(90)": 0.022566
        },
        "http_req_duration{expected_response:true}": {
            "max": 189.06105,
            "p(90)": 17.621180400000007,
            "p(95)": 22.665166900000003,
            "avg": 10.31223288051405,
            "min": 1.164933,
            "med": 9.422518
        },
        "http_req_failed": {
            "fails": 96095,
            "passes": 0,
            "value": 0
        },
        "data_received": {
            "count": 42652313,
            "rate": 2111511.320808112
        },
        "http_req_tls_handshaking": {
            "avg": 0,
            "min": 0,
            "med": 0,
            "max": 0,
            "p(90)": 0,
            "p(95)": 0
        }
    }
}