{
    "root_group": {
        "name": "",
        "path": "",
        "id": "d41d8cd98f00b204e9800998ecf8427e",
        "groups": {},
        "checks": {}
    },
    "metrics": {
        "vus": {
            "value": 50,
            "min": 50,
            "max": 50
        },
        "http_req_tls_handshaking": {
            "med": 0,
            "max": 0,
            "p(90)": 0,
            "p(95)": 0,
            "avg": 0,
            "min": 0
        },
        "iteration_duration": {
            "p(95)": 22.526466850000002,
            "avg": 10.338701918306278,
            "min": 1.243402,
            "med": 9.4697595,
            "max": 61.939879,
            "p(90)": 17.6222438
        },
        "http_req_connecting": {
            "max": 4.127077,
            "p(90)": 0,
            "p(95)": 0,
            "avg": 0.0014431771673517567,
            "min": 0,
            "med": 0
        },
        "http_req_waiting": {
            "avg": 10.142784988237931,
            "min": 1.1158,
            "med": 9.283629,
            "max": 63.301973,
            "p(90)": 17.297455,
            "p(95)": 22.197181
        },
        "iterations": {
            "count": 96580,
            "rate": 4793.0115612548
        },
        "vus_max": {
            "value": 50,
            "min": 50,
            "max": 50
        },
        "http_req_blocked": {
            "max": 16.106595,
            "p(90)": 0.005601,
            "p(95)": 0.012929,
            "avg": 0.010825532496039252,
            "min": 0.003741,
            "med": 0.004384
        },
        "http_req_sending": {
            "avg": 0.026918207732369807,
            "min": 0.00886,
            "med": 0.010256,
            "max": 21.55149,
            "p(90)": 0.022486,
            "p(95)": 0.030075
        },
        "http_req_duration{expected_response:true}": {
            "avg": 10.258455288038085,
            "min": 1.185927,
            "med": 9.393688,
            "max": 143.694436,
            "p(90)": 17.531869,
            "p(95)": 22.425045
        },
        "http_req_duration": {
            "p(95)": 22.425045,
            "avg": 10.258455288038085,
            "min": 1.185927,
            "med": 9.393688,
            "max": 143.694436,
            "p(90)": 17.531869
        },
        "http_req_failed": {
            "passes": 0,
            "fails": 96581,
            "value": 0
        },
        "data_received": {
            "count": 40208289,
            "rate": 1995431.7046518347
        },
        "http_req_receiving": {
            "avg": 0.0887520920677983,
            "min": 0.018702,
            "med": 0.029521,
            "max": 80.360939,
            "p(90)": 0.047349,
            "p(95)": 0.062493
        },
        "http_reqs": {
            "count": 96581,
            "rate": 4793.061188626525
        },
        "data_sent": {
            "count": 20571654,
            "rate": 1020917.120067649
        }
    }
}