{
    "metrics": {
        "data_sent": {
            "count": 7369827,
            "rate": 733149.3231901976
        },
        "http_req_tls_handshaking": {
            "p(95)": 0,
            "avg": 0,
            "min": 0,
            "med": 0,
            "max": 0,
            "p(90)": 0
        },
        "http_req_failed": {
            "passes": 0,
            "fails": 41638,
            "value": 0
        },
        "http_reqs": {
            "rate": 4142.142212971003,
            "count": 41638
        },
        "iterations": {
            "count": 41637,
            "rate": 4142.042733115751
        },
        "data_received": {
            "count": 15877237,
            "rate": 1579465.2385572093
        },
        "vus_max": {
            "value": 20,
            "min": 20,
            "max": 20
        },
        "vus": {
            "value": 20,
            "min": 20,
            "max": 20
        },
        "http_req_duration{expected_response:true}": {
            "med": 3.972737,
            "max": 46.043922,
            "p(90)": 8.913236000000001,
            "p(95)": 10.39686155,
            "avg": 4.712870838320768,
            "min": 0.925155
        },
        "http_req_connecting": {
            "med": 0,
            "max": 19.343342,
            "p(90)": 0,
            "p(95)": 0,
            "avg": 0.004618263749459626,
            "min": 0
        },
        "http_req_duration": {
            "min": 0.925155,
            "med": 3.972737,
            "max": 46.043922,
            "p(90)": 8.913236000000001,
            "p(95)": 10.39686155,
            "avg": 4.712870838320768
        },
        "http_req_waiting": {
            "max": 37.235329,
            "p(90)": 8.8535546,
            "p(95)": 10.294456650000004,
            "avg": 4.6506161452759525,
            "min": 0.886568,
            "med": 3.9182705
        },
        "iteration_duration": {
            "avg": 4.789694346806915,
            "min": 0.981206,
            "med": 4.045726,
            "max": 37.353368,
            "p(90)": 8.9945292,
            "p(95)": 10.486257599999998
        },
        "http_req_blocked": {
            "p(90)": 0.005393,
            "p(95)": 0.009839600000000006,
            "avg": 0.010085630361688944,
            "min": 0.003726,
            "med": 0.004359,
            "max": 19.39782
        },
        "http_req_receiving": {
            "avg": 0.04139006741438118,
            "min": 0.018681,
            "med": 0.029203,
            "max": 30.291883,
            "p(90)": 0.050235600000000005,
            "p(95)": 0.05881345
        },
        "http_req_sending": {
            "avg": 0.020864625630433703,
            "min": 0.008762,
            "med": 0.010315,
            "max": 6.990359,
            "p(90)": 0.023512500000000016,
            "p(95)": 0.036057750000000006
        }
    },
    "root_group": {
        "path": "",
        "id": "d41d8cd98f00b204e9800998ecf8427e",
        "groups": {},
        "checks": {},
        "name": ""
    }
}