{
    "root_group": {
        "checks": {},
        "name": "",
        "path": "",
        "id": "d41d8cd98f00b204e9800998ecf8427e",
        "groups": {}
    },
    "metrics": {
        "http_req_connecting": {
            "max": 10.65994,
            "p(90)": 0,
            "p(95)": 0,
            "avg": 0.003301291646174383,
            "min": 0,
            "med": 0
        },
        "http_req_tls_handshaking": {
            "min": 0,
            "med": 0,
            "max": 0,
            "p(90)": 0,
            "p(95)": 0,
            "avg": 0
        },
        "http_req_waiting": {
            "max": 30.643762,
            "p(90)": 8.930338200000001,
            "p(95)": 9.959208199999997,
            "avg": 4.5301334068479395,
            "min": 0.889716,
            "med": 3.888058
        },
        "http_req_receiving": {
            "med": 0.029575,
            "max": 32.814637,
            "p(90)": 0.05162220000000001,
            "p(95)": 0.05981489999999998,
            "avg": 0.04268192402632407,
            "min": 0.018974
        },
        "http_req_duration": {
            "p(90)": 8.998451600000005,
            "p(95)": 10.0463726,
            "avg": 4.593804590037192,
            "min": 0.926714,
            "med": 3.944105,
            "max": 55.889893
        },
        "data_sent": {
            "count": 7557624,
            "rate": 751125.2337278019
        },
        "http_req_blocked": {
            "p(95)": 0.010207099999999998,
            "avg": 0.008863930209138364,
            "min": 0.003717,
            "med": 0.004431,
            "max": 10.927544,
            "p(90)": 0.005511400000000009
        },
        "vus": {
            "min": 20,
            "max": 20,
            "value": 20
        },
        "http_req_duration{expected_response:true}": {
            "avg": 4.593804590037192,
            "min": 0.926714,
            "med": 3.944105,
            "max": 55.889893,
            "p(90)": 8.998451600000005,
            "p(95)": 10.0463726
        },
        "data_received": {
            "rate": 1725477.5469537103,
            "count": 17361300
        },
        "vus_max": {
            "value": 20,
            "min": 20,
            "max": 20
        },
        "http_reqs": {
            "count": 42699,
            "rate": 4243.700977310252
        },
        "http_req_failed": {
            "fails": 42699,
            "passes": 0,
            "value": 0
        },
        "iteration_duration": {
            "p(90)": 9.0712828,
            "p(95)": 10.1252826,
            "avg": 4.670197852569263,
            "min": 0.982915,
            "med": 4.0170555,
            "max": 30.850761
        },
        "iterations": {
            "count": 42698,
            "rate": 4243.601590884872
        },
        "http_req_sending": {
            "avg": 0.02098925916297822,
            "min": 0.009075,
            "med": 0.010651,
            "max": 6.935243,
            "p(90)": 0.024564600000000013,
            "p(95)": 0.03661749999999999
        }
    }
}